<!-- DOCTYPE hibernate-configuration PUBLIC "-//Hibernate/Hibernate Configuration 
	DTD 3.0//EN" "http://www.hibernate.org/dtd/hibernate-configuration-3.0.dtd"  -->
<hibernate-configuration>
    <session-factory>
        <property name="connection.driver_class">com.mysql.cj.jdbc.Driver</property>
        <property name="connection.url">jdbc:mysql://localhost:3306/Attendance_manage</property>
        <property name="connection.username">root</property>
        <property name="connection.password">root</property>
        <property name="dialect">org.hibernate.dialect.MySQL8Dialect</property>
        <property name="show_sql">true</property>
        <property name="format_sql">true</property>
        <property name="hibernate.hbm2ddl.auto">create</property>
        <mapping class="com.tut.Attendance_managemnt.Entity.Attendance"/>
        <mapping class="com.tut.Attendance_managemnt.Entity.AttendanceReport"/>
        <mapping class="com.tut.Attendance_managemnt.Entity.ClassEntity"/>
        <mapping class="com.tut.Attendance_managemnt.Entity.Student"/>
        <mapping class="com.tut.Attendance_managemnt.Entity.Subject"/>
        <mapping class="com.tut.Attendance_managemnt.Entity.Teacher"/>
    </session-factory>
</hibernate-configuration>